{
    "avg_reprojection_error": 0.49364657145253293,
    "camera_matrix": [
        1002.716652762321,
        0.0,
        959.455816076396,
        0.0,
        1001.6452945396146,
        536.918758629648,
        0.0,
        0.0,
        1.0
    ],
    "distortion_coefficients": [
        0.2463684229104645,
        -1.3341644519070266,
        0.0019911142236934414,
        0.0030570904749900665,
        -0.7251481951711568,
        -0.04008749076886933,
        0.05109210318169211,
        0.029091215960586583
    ]
}
